{"8x+fSPyiHT1WDA3inbBl1g==":"logo2.svg","f2sMg6nqVyIqO4Sf+7kTXQ==":"mbr-1920x1280.jpg","pa5Dkwo/T1qgW/t0h+fQvA==":"background5.jpg","FxHVG0CVgP/F7JHP8qyd3Q==":"face2.jpg","fQ2oEZGBjc7C9iYOXn1pSw==":"face3.jpg","HZzNWIUi1vtKOhcuAOsQGg==":"720x1080%20no%20background-720x1080.png","/sk7E1bVbJX09Ja9T2wiNg==":"me-1920x1080.png","BWI05Tn23wgjeuGUQXL1CA==":"me-1-1920x1080.png","Aios/B3WiVYg18GrzhAEPg==":"me-2-1920x1080.png","raUd60BWnMtNSXq3jRPNzQ==":"me-3-1920x1080.png","XBbhbz806oEEVRwqYhxd8Q==":"imafcknbg-1920x1080.png","2W68k2+NW6rAkQPXOADLlw==":"imafcknbg-1-1920x1080.png","+4meN/aIRc8UMcKYLUccAA==":"imafcknbg-2-1920x1080.png","rnQmHRwRdaJ4oNbOQDTKTg==":"hero.svg","AKbKdXuTf0yZ5TYWihmvbw==":"hero-1.svg","r9a0QFX7yFHfwUPPqdwiWg==":"webpage-1466x667.png","J6bIl0s4+jVwYoT3JnwfHA==":"webpage-696x317.png","RGlN71dIb2nMlX4Vy+a50Q==":"admin-1076x484.png","6CE8az7LtakA3ckH7RK7JQ==":"titlelogo-65x65.png","BFFbMs5AYC/NgfrdlLrflw==":"20191110-152352-2000x948.jpg","2RBq+QJnCclOi5IJzS6dHw==":"20200112-131307-2000x2667.jpg","CslbjMROW/sGTdCDAoQDxA==":"20191027-164300-2000x1500.jpg","u0uBA+PK5p+VRz56c5I1Kw==":"20200111-105848-2000x1500.jpg","bnnKmn4NVahA3q6hZ+oi0A==":"20200211-160754-2000x1125.jpg","UOpHN+/DjqY3gO6b7iPtig==":"20191031-122537-2000x946.jpg","ANteajXwAuDF0tIIq3+U0A==":"20200112-131630-2000x2667.jpg","GAyGk82G69Vz2Gfz1/9ttw==":"20191103-135658-2000x946.jpg","8rEaoaRu6ZpTqXeqBbfTsA==":"20200114-140109-2000x1125.jpg","w5gOYk8Gq4nUuoIOkGCURQ==":"20200124-195205-2000x1125.jpg","GOekeUneCE/EpkPMwDA1DA==":"20191008-180711-2000x948.jpg","evy2Q9pxWioGF5tmTU3Y6Q==":"20200112-131630-2000x2667.jpeg","njEwr9YCLnvHOB/8ndq35g==":"20200112-131631-2000x2667.jpeg","TGCRcxIPcXMTvcA1limI2Q==":"20200111-105848-2000x1500.jpeg","tdIyC/SVPpNMf1mssr5opw==":"20200111-110621-2000x2667.jpg","NxBEBZk1mPgiXmvU61xwMA==":"20200111-105849-2000x1500.jpeg","osmoNHi+i7bzrzNRQTHsuw==":"20200111-110621-2000x2667.jpeg","1oviIruaPXa+l6CVzmigEA==":"20200111-110622-2000x2667.jpeg","ujE9kRPJ8l/O9z3AcI9d9w==":"20200111-110623-2000x2667.jpeg","CagMk8iiy7EpyE03U3j9uQ==":"20200112-131307-2000x2667.jpeg"}